CREATE EXTENSION IF NOT EXISTS "pgcrypto";

INSERT INTO auth.users (
  id, instance_id, email, encrypted_password,
  email_confirmed_at, created_at, updated_at,
  raw_app_meta_data, raw_user_meta_data,
  is_super_admin, role, aud,
  confirmation_token, recovery_token,
  email_change, email_change_token_new, email_change_token_current,
  phone_change, phone_change_token, reauthentication_token
) VALUES
  ('11111111-1111-1111-1111-111111111111', '00000000-0000-0000-0000-000000000000', 'admin@test.com', crypt('password123', gen_salt('bf')), NOW(), NOW(), NOW(), '{"provider":"email","providers":["email"]}'::jsonb, '{"full_name":"Admin User"}'::jsonb, false, 'authenticated', 'authenticated', '', '', '', '', '', '', '', ''),
  ('20000001-0000-4000-8000-000000000001', '00000000-0000-0000-0000-000000000000', 'user1@test.com', crypt('password123', gen_salt('bf')), NOW(), NOW(), NOW(), '{"provider":"email","providers":["email"]}'::jsonb, '{"full_name":"Emma Johnson"}'::jsonb, false, 'authenticated', 'authenticated', '', '', '', '', '', '', '', ''),
  ('20000002-0000-4000-8000-000000000002', '00000000-0000-0000-0000-000000000000', 'user2@test.com', crypt('password123', gen_salt('bf')), NOW(), NOW(), NOW(), '{"provider":"email","providers":["email"]}'::jsonb, '{"full_name":"Michael Brown"}'::jsonb, false, 'authenticated', 'authenticated', '', '', '', '', '', '', '', ''),
  ('20000003-0000-4000-8000-000000000003', '00000000-0000-0000-0000-000000000000', 'user3@test.com', crypt('password123', gen_salt('bf')), NOW(), NOW(), NOW(), '{"provider":"email","providers":["email"]}'::jsonb, '{"full_name":"Sophia Williams"}'::jsonb, false, 'authenticated', 'authenticated', '', '', '', '', '', '', '', ''),
  ('20000004-0000-4000-8000-000000000004', '00000000-0000-0000-0000-000000000000', 'user4@test.com', crypt('password123', gen_salt('bf')), NOW(), NOW(), NOW(), '{"provider":"email","providers":["email"]}'::jsonb, '{"full_name":"James Davis"}'::jsonb, false, 'authenticated', 'authenticated', '', '', '', '', '', '', '', ''),
  ('20000005-0000-4000-8000-000000000005', '00000000-0000-0000-0000-000000000000', 'user5@test.com', crypt('password123', gen_salt('bf')), NOW(), NOW(), NOW(), '{"provider":"email","providers":["email"]}'::jsonb, '{"full_name":"Olivia Wilson"}'::jsonb, false, 'authenticated', 'authenticated', '', '', '', '', '', '', '', ''),
  ('20000006-0000-4000-8000-000000000006', '00000000-0000-0000-0000-000000000000', 'user6@test.com', crypt('password123', gen_salt('bf')), NOW(), NOW(), NOW(), '{"provider":"email","providers":["email"]}'::jsonb, '{"full_name":"William Taylor"}'::jsonb, false, 'authenticated', 'authenticated', '', '', '', '', '', '', '', ''),
  ('20000007-0000-4000-8000-000000000007', '00000000-0000-0000-0000-000000000000', 'user7@test.com', crypt('password123', gen_salt('bf')), NOW(), NOW(), NOW(), '{"provider":"email","providers":["email"]}'::jsonb, '{"full_name":"Isabella Martinez"}'::jsonb, false, 'authenticated', 'authenticated', '', '', '', '', '', '', '', ''),
  ('20000008-0000-4000-8000-000000000008', '00000000-0000-0000-0000-000000000000', 'user8@test.com', crypt('password123', gen_salt('bf')), NOW(), NOW(), NOW(), '{"provider":"email","providers":["email"]}'::jsonb, '{"full_name":"Benjamin Anderson"}'::jsonb, false, 'authenticated', 'authenticated', '', '', '', '', '', '', '', ''),
  ('20000009-0000-4000-8000-000000000009', '00000000-0000-0000-0000-000000000000', 'user9@test.com', crypt('password123', gen_salt('bf')), NOW(), NOW(), NOW(), '{"provider":"email","providers":["email"]}'::jsonb, '{"full_name":"Mia Thomas"}'::jsonb, false, 'authenticated', 'authenticated', '', '', '', '', '', '', '', ''),
  ('20000010-0000-4000-8000-000000000010', '00000000-0000-0000-0000-000000000000', 'user10@test.com', crypt('password123', gen_salt('bf')), NOW(), NOW(), NOW(), '{"provider":"email","providers":["email"]}'::jsonb, '{"full_name":"Lucas Jackson"}'::jsonb, false, 'authenticated', 'authenticated', '', '', '', '', '', '', '', ''),
  ('20000011-0000-4000-8000-000000000011', '00000000-0000-0000-0000-000000000000', 'user11@test.com', crypt('password123', gen_salt('bf')), NOW(), NOW(), NOW(), '{"provider":"email","providers":["email"]}'::jsonb, '{"full_name":"Charlotte White"}'::jsonb, false, 'authenticated', 'authenticated', '', '', '', '', '', '', '', ''),
  ('20000012-0000-4000-8000-000000000012', '00000000-0000-0000-0000-000000000000', 'user12@test.com', crypt('password123', gen_salt('bf')), NOW(), NOW(), NOW(), '{"provider":"email","providers":["email"]}'::jsonb, '{"full_name":"Henry Harris"}'::jsonb, false, 'authenticated', 'authenticated', '', '', '', '', '', '', '', ''),
  ('20000013-0000-4000-8000-000000000013', '00000000-0000-0000-0000-000000000000', 'user13@test.com', crypt('password123', gen_salt('bf')), NOW(), NOW(), NOW(), '{"provider":"email","providers":["email"]}'::jsonb, '{"full_name":"Amelia Clark"}'::jsonb, false, 'authenticated', 'authenticated', '', '', '', '', '', '', '', ''),
  ('20000014-0000-4000-8000-000000000014', '00000000-0000-0000-0000-000000000000', 'user14@test.com', crypt('password123', gen_salt('bf')), NOW(), NOW(), NOW(), '{"provider":"email","providers":["email"]}'::jsonb, '{"full_name":"Alexander Lewis"}'::jsonb, false, 'authenticated', 'authenticated', '', '', '', '', '', '', '', ''),
  ('20000015-0000-4000-8000-000000000015', '00000000-0000-0000-0000-000000000000', 'user15@test.com', crypt('password123', gen_salt('bf')), NOW(), NOW(), NOW(), '{"provider":"email","providers":["email"]}'::jsonb, '{"full_name":"Harper Robinson"}'::jsonb, false, 'authenticated', 'authenticated', '', '', '', '', '', '', '', ''),
  ('20000016-0000-4000-8000-000000000016', '00000000-0000-0000-0000-000000000000', 'user16@test.com', crypt('password123', gen_salt('bf')), NOW(), NOW(), NOW(), '{"provider":"email","providers":["email"]}'::jsonb, '{"full_name":"Ethan Walker"}'::jsonb, false, 'authenticated', 'authenticated', '', '', '', '', '', '', '', ''),
  ('20000017-0000-4000-8000-000000000017', '00000000-0000-0000-0000-000000000000', 'user17@test.com', crypt('password123', gen_salt('bf')), NOW(), NOW(), NOW(), '{"provider":"email","providers":["email"]}'::jsonb, '{"full_name":"Evelyn Young"}'::jsonb, false, 'authenticated', 'authenticated', '', '', '', '', '', '', '', ''),
  ('20000018-0000-4000-8000-000000000018', '00000000-0000-0000-0000-000000000000', 'user18@test.com', crypt('password123', gen_salt('bf')), NOW(), NOW(), NOW(), '{"provider":"email","providers":["email"]}'::jsonb, '{"full_name":"Daniel King"}'::jsonb, false, 'authenticated', 'authenticated', '', '', '', '', '', '', '', ''),
  ('20000019-0000-4000-8000-000000000019', '00000000-0000-0000-0000-000000000000', 'user19@test.com', crypt('password123', gen_salt('bf')), NOW(), NOW(), NOW(), '{"provider":"email","providers":["email"]}'::jsonb, '{"full_name":"Abigail Wright"}'::jsonb, false, 'authenticated', 'authenticated', '', '', '', '', '', '', '', ''),
  ('20000020-0000-4000-8000-000000000020', '00000000-0000-0000-0000-000000000000', 'user20@test.com', crypt('password123', gen_salt('bf')), NOW(), NOW(), NOW(), '{"provider":"email","providers":["email"]}'::jsonb, '{"full_name":"Matthew Scott"}'::jsonb, false, 'authenticated', 'authenticated', '', '', '', '', '', '', '', ''),
  ('20000021-0000-4000-8000-000000000021', '00000000-0000-0000-0000-000000000000', 'user21@test.com', crypt('password123', gen_salt('bf')), NOW(), NOW(), NOW(), '{"provider":"email","providers":["email"]}'::jsonb, '{"full_name":"Emily Green"}'::jsonb, false, 'authenticated', 'authenticated', '', '', '', '', '', '', '', ''),
  ('20000022-0000-4000-8000-000000000022', '00000000-0000-0000-0000-000000000000', 'user22@test.com', crypt('password123', gen_salt('bf')), NOW(), NOW(), NOW(), '{"provider":"email","providers":["email"]}'::jsonb, '{"full_name":"David Adams"}'::jsonb, false, 'authenticated', 'authenticated', '', '', '', '', '', '', '', ''),
  ('20000023-0000-4000-8000-000000000023', '00000000-0000-0000-0000-000000000000', 'user23@test.com', crypt('password123', gen_salt('bf')), NOW(), NOW(), NOW(), '{"provider":"email","providers":["email"]}'::jsonb, '{"full_name":"Elizabeth Baker"}'::jsonb, false, 'authenticated', 'authenticated', '', '', '', '', '', '', '', ''),
  ('20000024-0000-4000-8000-000000000024', '00000000-0000-0000-0000-000000000000', 'user24@test.com', crypt('password123', gen_salt('bf')), NOW(), NOW(), NOW(), '{"provider":"email","providers":["email"]}'::jsonb, '{"full_name":"Joseph Nelson"}'::jsonb, false, 'authenticated', 'authenticated', '', '', '', '', '', '', '', ''),
  ('20000025-0000-4000-8000-000000000025', '00000000-0000-0000-0000-000000000000', 'user25@test.com', crypt('password123', gen_salt('bf')), NOW(), NOW(), NOW(), '{"provider":"email","providers":["email"]}'::jsonb, '{"full_name":"Sofia Carter"}'::jsonb, false, 'authenticated', 'authenticated', '', '', '', '', '', '', '', ''),
  ('20000026-0000-4000-8000-000000000026', '00000000-0000-0000-0000-000000000000', 'user26@test.com', crypt('password123', gen_salt('bf')), NOW(), NOW(), NOW(), '{"provider":"email","providers":["email"]}'::jsonb, '{"full_name":"Andrew Mitchell"}'::jsonb, false, 'authenticated', 'authenticated', '', '', '', '', '', '', '', ''),
  ('20000027-0000-4000-8000-000000000027', '00000000-0000-0000-0000-000000000000', 'user27@test.com', crypt('password123', gen_salt('bf')), NOW(), NOW(), NOW(), '{"provider":"email","providers":["email"]}'::jsonb, '{"full_name":"Avery Perez"}'::jsonb, false, 'authenticated', 'authenticated', '', '', '', '', '', '', '', ''),
  ('20000028-0000-4000-8000-000000000028', '00000000-0000-0000-0000-000000000000', 'user28@test.com', crypt('password123', gen_salt('bf')), NOW(), NOW(), NOW(), '{"provider":"email","providers":["email"]}'::jsonb, '{"full_name":"Ryan Roberts"}'::jsonb, false, 'authenticated', 'authenticated', '', '', '', '', '', '', '', ''),
  ('20000029-0000-4000-8000-000000000029', '00000000-0000-0000-0000-000000000000', 'user29@test.com', crypt('password123', gen_salt('bf')), NOW(), NOW(), NOW(), '{"provider":"email","providers":["email"]}'::jsonb, '{"full_name":"Grace Turner"}'::jsonb, false, 'authenticated', 'authenticated', '', '', '', '', '', '', '', ''),
  ('20000030-0000-4000-8000-000000000030', '00000000-0000-0000-0000-000000000000', 'user30@test.com', crypt('password123', gen_salt('bf')), NOW(), NOW(), NOW(), '{"provider":"email","providers":["email"]}'::jsonb, '{"full_name":"Nathan Phillips"}'::jsonb, false, 'authenticated', 'authenticated', '', '', '', '', '', '', '', '');

UPDATE public.users SET role = 'admin' WHERE id = '11111111-1111-1111-1111-111111111111';

INSERT INTO auth.identities (id, user_id, provider_id, identity_data, provider, last_sign_in_at, created_at, updated_at)
SELECT gen_random_uuid(), u.id, u.id, jsonb_build_object('sub', u.id, 'email', u.email), 'email', NOW(), NOW(), NOW()
FROM auth.users u
WHERE u.email LIKE '%@test.com';

INSERT INTO public.user_lesson_progress (user_id, lesson_id, module_id, completed, video_position_seconds, completed_at) VALUES
  ('11111111-1111-1111-1111-111111111111', 'module-1-lesson-1', 'module-1', true, 0, NOW()),
  ('11111111-1111-1111-1111-111111111111', 'module-1-lesson-2', 'module-1', true, 0, NOW()),
  ('11111111-1111-1111-1111-111111111111', 'module-1-lesson-3', 'module-1', true, 0, NOW()),
  ('11111111-1111-1111-1111-111111111111', 'module-1-lesson-4', 'module-1', true, 0, NOW()),
  ('11111111-1111-1111-1111-111111111111', 'module-1-lesson-5', 'module-1', true, 0, NOW()),
  ('11111111-1111-1111-1111-111111111111', 'module-2-lesson-1', 'module-2', true, 0, NOW()),
  ('11111111-1111-1111-1111-111111111111', 'module-2-lesson-2', 'module-2', true, 0, NOW());

INSERT INTO public.user_module_progress (user_id, module_id, status, progress_percentage, completed_at) VALUES
  ('11111111-1111-1111-1111-111111111111', 'module-1', 'completed', 100, NOW()),
  ('11111111-1111-1111-1111-111111111111', 'module-2', 'in_progress', 40, NULL);

INSERT INTO public.user_quiz_attempts (user_id, module_id, attempt_number, score_percentage, passed, answers, completed_at) VALUES
  ('11111111-1111-1111-1111-111111111111', 'module-1', 1, 92, true, NULL, NOW()),
  ('11111111-1111-1111-1111-111111111111', 'module-2', 1, 85, true, NULL, NOW());


INSERT INTO public.user_lesson_progress (user_id, lesson_id, module_id, completed, video_position_seconds, completed_at) VALUES 
  ('20000001-0000-4000-8000-000000000001','module-1-lesson-1','module-1',true,0,NOW()),
  ('20000001-0000-4000-8000-000000000001','module-1-lesson-2','module-1',true,0,NOW()),
  ('20000001-0000-4000-8000-000000000001','module-1-lesson-3','module-1',true,0,NOW()),
  ('20000001-0000-4000-8000-000000000001','module-1-lesson-4','module-1',true,0,NOW()),
  ('20000001-0000-4000-8000-000000000001','module-1-lesson-5','module-1',true,0,NOW()),
  ('20000001-0000-4000-8000-000000000001','module-2-lesson-1','module-2',true,0,NOW()),
  ('20000001-0000-4000-8000-000000000001','module-2-lesson-2','module-2',true,0,NOW()),
  ('20000001-0000-4000-8000-000000000001','module-2-lesson-3','module-2',true,0,NOW()),
  ('20000001-0000-4000-8000-000000000001','module-2-lesson-4','module-2',true,0,NOW()),
  ('20000001-0000-4000-8000-000000000001','module-2-lesson-5','module-2',true,0,NOW()),
  ('20000001-0000-4000-8000-000000000001','module-3-lesson-1','module-3',true,0,NOW()),
  ('20000001-0000-4000-8000-000000000001','module-3-lesson-2','module-3',true,0,NOW()),
  ('20000001-0000-4000-8000-000000000001','module-3-lesson-3','module-3',true,0,NOW()),
  ('20000001-0000-4000-8000-000000000001','module-3-lesson-4','module-3',true,0,NOW()),
  ('20000001-0000-4000-8000-000000000001','module-3-lesson-5','module-3',true,0,NOW()),
  ('20000001-0000-4000-8000-000000000001','module-4-lesson-1','module-4',true,0,NOW()),
  ('20000001-0000-4000-8000-000000000001','module-4-lesson-2','module-4',true,0,NOW()),
  ('20000001-0000-4000-8000-000000000001','module-4-lesson-3','module-4',true,0,NOW()),
  ('20000001-0000-4000-8000-000000000001','module-4-lesson-4','module-4',true,0,NOW()),
  ('20000001-0000-4000-8000-000000000001','module-4-lesson-5','module-4',true,0,NOW()),
  ('20000001-0000-4000-8000-000000000001','module-5-lesson-1','module-5',true,0,NOW()),
  ('20000001-0000-4000-8000-000000000001','module-5-lesson-2','module-5',true,0,NOW()),
  ('20000001-0000-4000-8000-000000000001','module-5-lesson-3','module-5',true,0,NOW()),
  ('20000001-0000-4000-8000-000000000001','module-5-lesson-4','module-5',true,0,NOW()),
  ('20000001-0000-4000-8000-000000000001','module-5-lesson-5','module-5',true,0,NOW()),
  ('20000001-0000-4000-8000-000000000001','module-6-lesson-1','module-6',true,0,NOW()),
  ('20000001-0000-4000-8000-000000000001','module-6-lesson-2','module-6',true,0,NOW()),
  ('20000001-0000-4000-8000-000000000001','module-6-lesson-3','module-6',true,0,NOW()),
  ('20000001-0000-4000-8000-000000000001','module-6-lesson-4','module-6',true,0,NOW()),
  ('20000001-0000-4000-8000-000000000001','module-6-lesson-5','module-6',true,0,NOW()),
  ('20000001-0000-4000-8000-000000000001','module-7-lesson-1','module-7',true,0,NOW()),
  ('20000001-0000-4000-8000-000000000001','module-7-lesson-2','module-7',true,0,NOW()),
  ('20000001-0000-4000-8000-000000000001','module-7-lesson-3','module-7',true,0,NOW()),
  ('20000001-0000-4000-8000-000000000001','module-7-lesson-4','module-7',true,0,NOW()),
  ('20000001-0000-4000-8000-000000000001','module-7-lesson-5','module-7',true,0,NOW()),
  ('20000001-0000-4000-8000-000000000001','module-8-lesson-1','module-8',true,0,NOW()),
  ('20000001-0000-4000-8000-000000000001','module-8-lesson-2','module-8',true,0,NOW()),
  ('20000001-0000-4000-8000-000000000001','module-8-lesson-3','module-8',true,0,NOW()),
  ('20000001-0000-4000-8000-000000000001','module-8-lesson-4','module-8',true,0,NOW()),
  ('20000001-0000-4000-8000-000000000001','module-8-lesson-5','module-8',true,0,NOW()),
  ('20000001-0000-4000-8000-000000000001','module-9-lesson-1','module-9',true,0,NOW()),
  ('20000001-0000-4000-8000-000000000001','module-9-lesson-2','module-9',true,0,NOW()),
  ('20000001-0000-4000-8000-000000000001','module-9-lesson-3','module-9',true,0,NOW()),
  ('20000001-0000-4000-8000-000000000001','module-9-lesson-4','module-9',true,0,NOW()),
  ('20000001-0000-4000-8000-000000000001','module-9-lesson-5','module-9',true,0,NOW()),
  ('20000001-0000-4000-8000-000000000001','module-10-lesson-1','module-10',true,0,NOW()),
  ('20000001-0000-4000-8000-000000000001','module-10-lesson-2','module-10',true,0,NOW()),
  ('20000001-0000-4000-8000-000000000001','module-10-lesson-3','module-10',true,0,NOW()),
  ('20000001-0000-4000-8000-000000000001','module-10-lesson-4','module-10',true,0,NOW()),
  ('20000001-0000-4000-8000-000000000001','module-10-lesson-5','module-10',true,0,NOW()),
  ('20000001-0000-4000-8000-000000000001','module-11-lesson-1','module-11',true,0,NOW()),
  ('20000001-0000-4000-8000-000000000001','module-11-lesson-2','module-11',true,0,NOW()),
  ('20000001-0000-4000-8000-000000000001','module-11-lesson-3','module-11',true,0,NOW()),
  ('20000001-0000-4000-8000-000000000001','module-11-lesson-4','module-11',true,0,NOW()),
  ('20000001-0000-4000-8000-000000000001','module-11-lesson-5','module-11',true,0,NOW()),
  ('20000001-0000-4000-8000-000000000001','module-12-lesson-1','module-12',true,0,NOW()),
  ('20000001-0000-4000-8000-000000000001','module-12-lesson-2','module-12',true,0,NOW()),
  ('20000001-0000-4000-8000-000000000001','module-12-lesson-3','module-12',true,0,NOW()),
  ('20000001-0000-4000-8000-000000000001','module-12-lesson-4','module-12',true,0,NOW()),
  ('20000001-0000-4000-8000-000000000001','module-12-lesson-5','module-12',true,0,NOW()),
  ('20000001-0000-4000-8000-000000000001','module-13-lesson-1','module-13',true,0,NOW()),
  ('20000001-0000-4000-8000-000000000001','module-13-lesson-2','module-13',true,0,NOW()),
  ('20000002-0000-4000-8000-000000000002','module-1-lesson-1','module-1',true,0,NOW()),
  ('20000002-0000-4000-8000-000000000002','module-1-lesson-2','module-1',true,0,NOW()),
  ('20000002-0000-4000-8000-000000000002','module-1-lesson-3','module-1',true,0,NOW()),
  ('20000002-0000-4000-8000-000000000002','module-1-lesson-4','module-1',true,0,NOW()),
  ('20000002-0000-4000-8000-000000000002','module-1-lesson-5','module-1',true,0,NOW()),
  ('20000002-0000-4000-8000-000000000002','module-2-lesson-1','module-2',true,0,NOW()),
  ('20000002-0000-4000-8000-000000000002','module-2-lesson-2','module-2',true,0,NOW()),
  ('20000002-0000-4000-8000-000000000002','module-2-lesson-3','module-2',true,0,NOW()),
  ('20000002-0000-4000-8000-000000000002','module-2-lesson-4','module-2',true,0,NOW()),
  ('20000002-0000-4000-8000-000000000002','module-2-lesson-5','module-2',true,0,NOW()),
  ('20000002-0000-4000-8000-000000000002','module-3-lesson-1','module-3',true,0,NOW()),
  ('20000002-0000-4000-8000-000000000002','module-3-lesson-2','module-3',true,0,NOW()),
  ('20000002-0000-4000-8000-000000000002','module-3-lesson-3','module-3',true,0,NOW()),
  ('20000002-0000-4000-8000-000000000002','module-3-lesson-4','module-3',true,0,NOW()),
  ('20000002-0000-4000-8000-000000000002','module-3-lesson-5','module-3',true,0,NOW()),
  ('20000002-0000-4000-8000-000000000002','module-4-lesson-1','module-4',true,0,NOW()),
  ('20000002-0000-4000-8000-000000000002','module-4-lesson-2','module-4',true,0,NOW()),
  ('20000002-0000-4000-8000-000000000002','module-4-lesson-3','module-4',true,0,NOW()),
  ('20000002-0000-4000-8000-000000000002','module-4-lesson-4','module-4',true,0,NOW()),
  ('20000002-0000-4000-8000-000000000002','module-4-lesson-5','module-4',true,0,NOW()),
  ('20000002-0000-4000-8000-000000000002','module-5-lesson-1','module-5',true,0,NOW()),
  ('20000002-0000-4000-8000-000000000002','module-5-lesson-2','module-5',true,0,NOW()),
  ('20000002-0000-4000-8000-000000000002','module-5-lesson-3','module-5',true,0,NOW()),
  ('20000002-0000-4000-8000-000000000002','module-5-lesson-4','module-5',true,0,NOW()),
  ('20000002-0000-4000-8000-000000000002','module-5-lesson-5','module-5',true,0,NOW()),
  ('20000002-0000-4000-8000-000000000002','module-6-lesson-1','module-6',true,0,NOW()),
  ('20000002-0000-4000-8000-000000000002','module-6-lesson-2','module-6',true,0,NOW()),
  ('20000002-0000-4000-8000-000000000002','module-6-lesson-3','module-6',true,0,NOW()),
  ('20000002-0000-4000-8000-000000000002','module-6-lesson-4','module-6',true,0,NOW()),
  ('20000002-0000-4000-8000-000000000002','module-6-lesson-5','module-6',true,0,NOW()),
  ('20000002-0000-4000-8000-000000000002','module-7-lesson-1','module-7',true,0,NOW()),
  ('20000002-0000-4000-8000-000000000002','module-7-lesson-2','module-7',true,0,NOW()),
  ('20000002-0000-4000-8000-000000000002','module-7-lesson-3','module-7',true,0,NOW()),
  ('20000002-0000-4000-8000-000000000002','module-7-lesson-4','module-7',true,0,NOW()),
  ('20000002-0000-4000-8000-000000000002','module-7-lesson-5','module-7',true,0,NOW()),
  ('20000002-0000-4000-8000-000000000002','module-8-lesson-1','module-8',true,0,NOW()),
  ('20000002-0000-4000-8000-000000000002','module-8-lesson-2','module-8',true,0,NOW()),
  ('20000002-0000-4000-8000-000000000002','module-8-lesson-3','module-8',true,0,NOW()),
  ('20000002-0000-4000-8000-000000000002','module-8-lesson-4','module-8',true,0,NOW()),
  ('20000002-0000-4000-8000-000000000002','module-8-lesson-5','module-8',true,0,NOW()),
  ('20000002-0000-4000-8000-000000000002','module-9-lesson-1','module-9',true,0,NOW()),
  ('20000002-0000-4000-8000-000000000002','module-9-lesson-2','module-9',true,0,NOW()),
  ('20000002-0000-4000-8000-000000000002','module-9-lesson-3','module-9',true,0,NOW()),
  ('20000002-0000-4000-8000-000000000002','module-9-lesson-4','module-9',true,0,NOW()),
  ('20000002-0000-4000-8000-000000000002','module-9-lesson-5','module-9',true,0,NOW()),
  ('20000002-0000-4000-8000-000000000002','module-10-lesson-1','module-10',true,0,NOW()),
  ('20000002-0000-4000-8000-000000000002','module-10-lesson-2','module-10',true,0,NOW()),
  ('20000002-0000-4000-8000-000000000002','module-10-lesson-3','module-10',true,0,NOW()),
  ('20000002-0000-4000-8000-000000000002','module-10-lesson-4','module-10',true,0,NOW()),
  ('20000002-0000-4000-8000-000000000002','module-10-lesson-5','module-10',true,0,NOW()),
  ('20000002-0000-4000-8000-000000000002','module-11-lesson-1','module-11',true,0,NOW()),
  ('20000002-0000-4000-8000-000000000002','module-11-lesson-2','module-11',true,0,NOW()),
  ('20000002-0000-4000-8000-000000000002','module-11-lesson-3','module-11',true,0,NOW()),
  ('20000002-0000-4000-8000-000000000002','module-11-lesson-4','module-11',true,0,NOW()),
  ('20000003-0000-4000-8000-000000000003','module-1-lesson-1','module-1',true,0,NOW()),
  ('20000003-0000-4000-8000-000000000003','module-1-lesson-2','module-1',true,0,NOW()),
  ('20000003-0000-4000-8000-000000000003','module-1-lesson-3','module-1',true,0,NOW()),
  ('20000003-0000-4000-8000-000000000003','module-1-lesson-4','module-1',true,0,NOW()),
  ('20000003-0000-4000-8000-000000000003','module-1-lesson-5','module-1',true,0,NOW()),
  ('20000003-0000-4000-8000-000000000003','module-2-lesson-1','module-2',true,0,NOW()),
  ('20000003-0000-4000-8000-000000000003','module-2-lesson-2','module-2',true,0,NOW()),
  ('20000003-0000-4000-8000-000000000003','module-2-lesson-3','module-2',true,0,NOW()),
  ('20000003-0000-4000-8000-000000000003','module-2-lesson-4','module-2',true,0,NOW()),
  ('20000003-0000-4000-8000-000000000003','module-2-lesson-5','module-2',true,0,NOW()),
  ('20000003-0000-4000-8000-000000000003','module-3-lesson-1','module-3',true,0,NOW()),
  ('20000003-0000-4000-8000-000000000003','module-3-lesson-2','module-3',true,0,NOW()),
  ('20000003-0000-4000-8000-000000000003','module-3-lesson-3','module-3',true,0,NOW()),
  ('20000003-0000-4000-8000-000000000003','module-3-lesson-4','module-3',true,0,NOW()),
  ('20000003-0000-4000-8000-000000000003','module-3-lesson-5','module-3',true,0,NOW()),
  ('20000003-0000-4000-8000-000000000003','module-4-lesson-1','module-4',true,0,NOW()),
  ('20000003-0000-4000-8000-000000000003','module-4-lesson-2','module-4',true,0,NOW()),
  ('20000003-0000-4000-8000-000000000003','module-4-lesson-3','module-4',true,0,NOW()),
  ('20000003-0000-4000-8000-000000000003','module-4-lesson-4','module-4',true,0,NOW()),
  ('20000003-0000-4000-8000-000000000003','module-4-lesson-5','module-4',true,0,NOW()),
  ('20000003-0000-4000-8000-000000000003','module-5-lesson-1','module-5',true,0,NOW()),
  ('20000003-0000-4000-8000-000000000003','module-5-lesson-2','module-5',true,0,NOW()),
  ('20000003-0000-4000-8000-000000000003','module-5-lesson-3','module-5',true,0,NOW()),
  ('20000003-0000-4000-8000-000000000003','module-5-lesson-4','module-5',true,0,NOW()),
  ('20000003-0000-4000-8000-000000000003','module-5-lesson-5','module-5',true,0,NOW()),
  ('20000003-0000-4000-8000-000000000003','module-6-lesson-1','module-6',true,0,NOW()),
  ('20000003-0000-4000-8000-000000000003','module-6-lesson-2','module-6',true,0,NOW()),
  ('20000003-0000-4000-8000-000000000003','module-6-lesson-3','module-6',true,0,NOW()),
  ('20000003-0000-4000-8000-000000000003','module-6-lesson-4','module-6',true,0,NOW()),
  ('20000003-0000-4000-8000-000000000003','module-6-lesson-5','module-6',true,0,NOW()),
  ('20000003-0000-4000-8000-000000000003','module-7-lesson-1','module-7',true,0,NOW()),
  ('20000003-0000-4000-8000-000000000003','module-7-lesson-2','module-7',true,0,NOW()),
  ('20000003-0000-4000-8000-000000000003','module-7-lesson-3','module-7',true,0,NOW()),
  ('20000003-0000-4000-8000-000000000003','module-7-lesson-4','module-7',true,0,NOW()),
  ('20000003-0000-4000-8000-000000000003','module-7-lesson-5','module-7',true,0,NOW()),
  ('20000003-0000-4000-8000-000000000003','module-8-lesson-1','module-8',true,0,NOW()),
  ('20000003-0000-4000-8000-000000000003','module-8-lesson-2','module-8',true,0,NOW()),
  ('20000003-0000-4000-8000-000000000003','module-8-lesson-3','module-8',true,0,NOW()),
  ('20000003-0000-4000-8000-000000000003','module-8-lesson-4','module-8',true,0,NOW()),
  ('20000003-0000-4000-8000-000000000003','module-8-lesson-5','module-8',true,0,NOW()),
  ('20000003-0000-4000-8000-000000000003','module-9-lesson-1','module-9',true,0,NOW()),
  ('20000003-0000-4000-8000-000000000003','module-9-lesson-2','module-9',true,0,NOW()),
  ('20000003-0000-4000-8000-000000000003','module-9-lesson-3','module-9',true,0,NOW()),
  ('20000003-0000-4000-8000-000000000003','module-9-lesson-4','module-9',true,0,NOW()),
  ('20000003-0000-4000-8000-000000000003','module-9-lesson-5','module-9',true,0,NOW()),
  ('20000003-0000-4000-8000-000000000003','module-10-lesson-1','module-10',true,0,NOW()),
  ('20000004-0000-4000-8000-000000000004','module-1-lesson-1','module-1',true,0,NOW()),
  ('20000004-0000-4000-8000-000000000004','module-1-lesson-2','module-1',true,0,NOW()),
  ('20000004-0000-4000-8000-000000000004','module-1-lesson-3','module-1',true,0,NOW()),
  ('20000004-0000-4000-8000-000000000004','module-1-lesson-4','module-1',true,0,NOW()),
  ('20000004-0000-4000-8000-000000000004','module-1-lesson-5','module-1',true,0,NOW()),
  ('20000004-0000-4000-8000-000000000004','module-2-lesson-1','module-2',true,0,NOW()),
  ('20000004-0000-4000-8000-000000000004','module-2-lesson-2','module-2',true,0,NOW()),
  ('20000004-0000-4000-8000-000000000004','module-2-lesson-3','module-2',true,0,NOW()),
  ('20000004-0000-4000-8000-000000000004','module-2-lesson-4','module-2',true,0,NOW()),
  ('20000004-0000-4000-8000-000000000004','module-2-lesson-5','module-2',true,0,NOW()),
  ('20000004-0000-4000-8000-000000000004','module-3-lesson-1','module-3',true,0,NOW()),
  ('20000004-0000-4000-8000-000000000004','module-3-lesson-2','module-3',true,0,NOW()),
  ('20000004-0000-4000-8000-000000000004','module-3-lesson-3','module-3',true,0,NOW()),
  ('20000004-0000-4000-8000-000000000004','module-3-lesson-4','module-3',true,0,NOW()),
  ('20000004-0000-4000-8000-000000000004','module-3-lesson-5','module-3',true,0,NOW()),
  ('20000004-0000-4000-8000-000000000004','module-4-lesson-1','module-4',true,0,NOW()),
  ('20000004-0000-4000-8000-000000000004','module-4-lesson-2','module-4',true,0,NOW()),
  ('20000004-0000-4000-8000-000000000004','module-4-lesson-3','module-4',true,0,NOW()),
  ('20000004-0000-4000-8000-000000000004','module-4-lesson-4','module-4',true,0,NOW()),
  ('20000004-0000-4000-8000-000000000004','module-4-lesson-5','module-4',true,0,NOW()),
  ('20000004-0000-4000-8000-000000000004','module-5-lesson-1','module-5',true,0,NOW()),
  ('20000004-0000-4000-8000-000000000004','module-5-lesson-2','module-5',true,0,NOW()),
  ('20000004-0000-4000-8000-000000000004','module-5-lesson-3','module-5',true,0,NOW()),
  ('20000004-0000-4000-8000-000000000004','module-5-lesson-4','module-5',true,0,NOW()),
  ('20000004-0000-4000-8000-000000000004','module-5-lesson-5','module-5',true,0,NOW()),
  ('20000004-0000-4000-8000-000000000004','module-6-lesson-1','module-6',true,0,NOW()),
  ('20000004-0000-4000-8000-000000000004','module-6-lesson-2','module-6',true,0,NOW()),
  ('20000004-0000-4000-8000-000000000004','module-6-lesson-3','module-6',true,0,NOW()),
  ('20000004-0000-4000-8000-000000000004','module-6-lesson-4','module-6',true,0,NOW()),
  ('20000004-0000-4000-8000-000000000004','module-6-lesson-5','module-6',true,0,NOW()),
  ('20000004-0000-4000-8000-000000000004','module-7-lesson-1','module-7',true,0,NOW()),
  ('20000004-0000-4000-8000-000000000004','module-7-lesson-2','module-7',true,0,NOW()),
  ('20000004-0000-4000-8000-000000000004','module-7-lesson-3','module-7',true,0,NOW()),
  ('20000004-0000-4000-8000-000000000004','module-7-lesson-4','module-7',true,0,NOW()),
  ('20000004-0000-4000-8000-000000000004','module-7-lesson-5','module-7',true,0,NOW()),
  ('20000004-0000-4000-8000-000000000004','module-8-lesson-1','module-8',true,0,NOW()),
  ('20000004-0000-4000-8000-000000000004','module-8-lesson-2','module-8',true,0,NOW()),
  ('20000004-0000-4000-8000-000000000004','module-8-lesson-3','module-8',true,0,NOW()),
  ('20000004-0000-4000-8000-000000000004','module-8-lesson-4','module-8',true,0,NOW()),
  ('20000004-0000-4000-8000-000000000004','module-8-lesson-5','module-8',true,0,NOW()),
  ('20000004-0000-4000-8000-000000000004','module-9-lesson-1','module-9',true,0,NOW()),
  ('20000004-0000-4000-8000-000000000004','module-9-lesson-2','module-9',true,0,NOW()),
  ('20000004-0000-4000-8000-000000000004','module-9-lesson-3','module-9',true,0,NOW()),
  ('20000005-0000-4000-8000-000000000005','module-1-lesson-1','module-1',true,0,NOW()),
  ('20000005-0000-4000-8000-000000000005','module-1-lesson-2','module-1',true,0,NOW()),
  ('20000005-0000-4000-8000-000000000005','module-1-lesson-3','module-1',true,0,NOW()),
  ('20000005-0000-4000-8000-000000000005','module-1-lesson-4','module-1',true,0,NOW()),
  ('20000005-0000-4000-8000-000000000005','module-1-lesson-5','module-1',true,0,NOW()),
  ('20000005-0000-4000-8000-000000000005','module-2-lesson-1','module-2',true,0,NOW()),
  ('20000005-0000-4000-8000-000000000005','module-2-lesson-2','module-2',true,0,NOW()),
  ('20000005-0000-4000-8000-000000000005','module-2-lesson-3','module-2',true,0,NOW()),
  ('20000005-0000-4000-8000-000000000005','module-2-lesson-4','module-2',true,0,NOW()),
  ('20000005-0000-4000-8000-000000000005','module-2-lesson-5','module-2',true,0,NOW()),
  ('20000005-0000-4000-8000-000000000005','module-3-lesson-1','module-3',true,0,NOW()),
  ('20000005-0000-4000-8000-000000000005','module-3-lesson-2','module-3',true,0,NOW()),
  ('20000005-0000-4000-8000-000000000005','module-3-lesson-3','module-3',true,0,NOW()),
  ('20000005-0000-4000-8000-000000000005','module-3-lesson-4','module-3',true,0,NOW()),
  ('20000005-0000-4000-8000-000000000005','module-3-lesson-5','module-3',true,0,NOW()),
  ('20000005-0000-4000-8000-000000000005','module-4-lesson-1','module-4',true,0,NOW()),
  ('20000005-0000-4000-8000-000000000005','module-4-lesson-2','module-4',true,0,NOW()),
  ('20000005-0000-4000-8000-000000000005','module-4-lesson-3','module-4',true,0,NOW()),
  ('20000005-0000-4000-8000-000000000005','module-4-lesson-4','module-4',true,0,NOW()),
  ('20000005-0000-4000-8000-000000000005','module-4-lesson-5','module-4',true,0,NOW()),
  ('20000005-0000-4000-8000-000000000005','module-5-lesson-1','module-5',true,0,NOW()),
  ('20000005-0000-4000-8000-000000000005','module-5-lesson-2','module-5',true,0,NOW()),
  ('20000005-0000-4000-8000-000000000005','module-5-lesson-3','module-5',true,0,NOW()),
  ('20000005-0000-4000-8000-000000000005','module-5-lesson-4','module-5',true,0,NOW()),
  ('20000005-0000-4000-8000-000000000005','module-5-lesson-5','module-5',true,0,NOW()),
  ('20000005-0000-4000-8000-000000000005','module-6-lesson-1','module-6',true,0,NOW()),
  ('20000005-0000-4000-8000-000000000005','module-6-lesson-2','module-6',true,0,NOW()),
  ('20000005-0000-4000-8000-000000000005','module-6-lesson-3','module-6',true,0,NOW()),
  ('20000005-0000-4000-8000-000000000005','module-6-lesson-4','module-6',true,0,NOW()),
  ('20000005-0000-4000-8000-000000000005','module-6-lesson-5','module-6',true,0,NOW()),
  ('20000005-0000-4000-8000-000000000005','module-7-lesson-1','module-7',true,0,NOW()),
  ('20000005-0000-4000-8000-000000000005','module-7-lesson-2','module-7',true,0,NOW()),
  ('20000005-0000-4000-8000-000000000005','module-7-lesson-3','module-7',true,0,NOW()),
  ('20000005-0000-4000-8000-000000000005','module-7-lesson-4','module-7',true,0,NOW()),
  ('20000005-0000-4000-8000-000000000005','module-7-lesson-5','module-7',true,0,NOW()),
  ('20000005-0000-4000-8000-000000000005','module-8-lesson-1','module-8',true,0,NOW()),
  ('20000005-0000-4000-8000-000000000005','module-8-lesson-2','module-8',true,0,NOW()),
  ('20000006-0000-4000-8000-000000000006','module-1-lesson-1','module-1',true,0,NOW()),
  ('20000006-0000-4000-8000-000000000006','module-1-lesson-2','module-1',true,0,NOW()),
  ('20000006-0000-4000-8000-000000000006','module-1-lesson-3','module-1',true,0,NOW()),
  ('20000006-0000-4000-8000-000000000006','module-1-lesson-4','module-1',true,0,NOW()),
  ('20000006-0000-4000-8000-000000000006','module-1-lesson-5','module-1',true,0,NOW()),
  ('20000006-0000-4000-8000-000000000006','module-2-lesson-1','module-2',true,0,NOW()),
  ('20000006-0000-4000-8000-000000000006','module-2-lesson-2','module-2',true,0,NOW()),
  ('20000006-0000-4000-8000-000000000006','module-2-lesson-3','module-2',true,0,NOW()),
  ('20000006-0000-4000-8000-000000000006','module-2-lesson-4','module-2',true,0,NOW()),
  ('20000006-0000-4000-8000-000000000006','module-2-lesson-5','module-2',true,0,NOW()),
  ('20000006-0000-4000-8000-000000000006','module-3-lesson-1','module-3',true,0,NOW()),
  ('20000006-0000-4000-8000-000000000006','module-3-lesson-2','module-3',true,0,NOW()),
  ('20000006-0000-4000-8000-000000000006','module-3-lesson-3','module-3',true,0,NOW()),
  ('20000006-0000-4000-8000-000000000006','module-3-lesson-4','module-3',true,0,NOW()),
  ('20000006-0000-4000-8000-000000000006','module-3-lesson-5','module-3',true,0,NOW()),
  ('20000006-0000-4000-8000-000000000006','module-4-lesson-1','module-4',true,0,NOW()),
  ('20000006-0000-4000-8000-000000000006','module-4-lesson-2','module-4',true,0,NOW()),
  ('20000006-0000-4000-8000-000000000006','module-4-lesson-3','module-4',true,0,NOW()),
  ('20000006-0000-4000-8000-000000000006','module-4-lesson-4','module-4',true,0,NOW()),
  ('20000006-0000-4000-8000-000000000006','module-4-lesson-5','module-4',true,0,NOW()),
  ('20000006-0000-4000-8000-000000000006','module-5-lesson-1','module-5',true,0,NOW()),
  ('20000006-0000-4000-8000-000000000006','module-5-lesson-2','module-5',true,0,NOW()),
  ('20000006-0000-4000-8000-000000000006','module-5-lesson-3','module-5',true,0,NOW()),
  ('20000006-0000-4000-8000-000000000006','module-5-lesson-4','module-5',true,0,NOW()),
  ('20000006-0000-4000-8000-000000000006','module-5-lesson-5','module-5',true,0,NOW()),
  ('20000006-0000-4000-8000-000000000006','module-6-lesson-1','module-6',true,0,NOW()),
  ('20000006-0000-4000-8000-000000000006','module-6-lesson-2','module-6',true,0,NOW()),
  ('20000006-0000-4000-8000-000000000006','module-6-lesson-3','module-6',true,0,NOW()),
  ('20000006-0000-4000-8000-000000000006','module-6-lesson-4','module-6',true,0,NOW()),
  ('20000006-0000-4000-8000-000000000006','module-6-lesson-5','module-6',true,0,NOW()),
  ('20000006-0000-4000-8000-000000000006','module-7-lesson-1','module-7',true,0,NOW()),
  ('20000006-0000-4000-8000-000000000006','module-7-lesson-2','module-7',true,0,NOW()),
  ('20000006-0000-4000-8000-000000000006','module-7-lesson-3','module-7',true,0,NOW()),
  ('20000006-0000-4000-8000-000000000006','module-7-lesson-4','module-7',true,0,NOW()),
  ('20000007-0000-4000-8000-000000000007','module-1-lesson-1','module-1',true,0,NOW()),
  ('20000007-0000-4000-8000-000000000007','module-1-lesson-2','module-1',true,0,NOW()),
  ('20000007-0000-4000-8000-000000000007','module-1-lesson-3','module-1',true,0,NOW()),
  ('20000007-0000-4000-8000-000000000007','module-1-lesson-4','module-1',true,0,NOW()),
  ('20000007-0000-4000-8000-000000000007','module-1-lesson-5','module-1',true,0,NOW()),
  ('20000007-0000-4000-8000-000000000007','module-2-lesson-1','module-2',true,0,NOW()),
  ('20000007-0000-4000-8000-000000000007','module-2-lesson-2','module-2',true,0,NOW()),
  ('20000007-0000-4000-8000-000000000007','module-2-lesson-3','module-2',true,0,NOW()),
  ('20000007-0000-4000-8000-000000000007','module-2-lesson-4','module-2',true,0,NOW()),
  ('20000007-0000-4000-8000-000000000007','module-2-lesson-5','module-2',true,0,NOW()),
  ('20000007-0000-4000-8000-000000000007','module-3-lesson-1','module-3',true,0,NOW()),
  ('20000007-0000-4000-8000-000000000007','module-3-lesson-2','module-3',true,0,NOW()),
  ('20000007-0000-4000-8000-000000000007','module-3-lesson-3','module-3',true,0,NOW()),
  ('20000007-0000-4000-8000-000000000007','module-3-lesson-4','module-3',true,0,NOW()),
  ('20000007-0000-4000-8000-000000000007','module-3-lesson-5','module-3',true,0,NOW()),
  ('20000007-0000-4000-8000-000000000007','module-4-lesson-1','module-4',true,0,NOW()),
  ('20000007-0000-4000-8000-000000000007','module-4-lesson-2','module-4',true,0,NOW()),
  ('20000007-0000-4000-8000-000000000007','module-4-lesson-3','module-4',true,0,NOW()),
  ('20000007-0000-4000-8000-000000000007','module-4-lesson-4','module-4',true,0,NOW()),
  ('20000007-0000-4000-8000-000000000007','module-4-lesson-5','module-4',true,0,NOW()),
  ('20000007-0000-4000-8000-000000000007','module-5-lesson-1','module-5',true,0,NOW()),
  ('20000007-0000-4000-8000-000000000007','module-5-lesson-2','module-5',true,0,NOW()),
  ('20000007-0000-4000-8000-000000000007','module-5-lesson-3','module-5',true,0,NOW()),
  ('20000007-0000-4000-8000-000000000007','module-5-lesson-4','module-5',true,0,NOW()),
  ('20000007-0000-4000-8000-000000000007','module-5-lesson-5','module-5',true,0,NOW()),
  ('20000007-0000-4000-8000-000000000007','module-6-lesson-1','module-6',true,0,NOW()),
  ('20000008-0000-4000-8000-000000000008','module-1-lesson-1','module-1',true,0,NOW()),
  ('20000008-0000-4000-8000-000000000008','module-1-lesson-2','module-1',true,0,NOW()),
  ('20000008-0000-4000-8000-000000000008','module-1-lesson-3','module-1',true,0,NOW()),
  ('20000008-0000-4000-8000-000000000008','module-1-lesson-4','module-1',true,0,NOW()),
  ('20000008-0000-4000-8000-000000000008','module-1-lesson-5','module-1',true,0,NOW()),
  ('20000008-0000-4000-8000-000000000008','module-2-lesson-1','module-2',true,0,NOW()),
  ('20000008-0000-4000-8000-000000000008','module-2-lesson-2','module-2',true,0,NOW()),
  ('20000008-0000-4000-8000-000000000008','module-2-lesson-3','module-2',true,0,NOW()),
  ('20000008-0000-4000-8000-000000000008','module-2-lesson-4','module-2',true,0,NOW()),
  ('20000008-0000-4000-8000-000000000008','module-2-lesson-5','module-2',true,0,NOW()),
  ('20000008-0000-4000-8000-000000000008','module-3-lesson-1','module-3',true,0,NOW()),
  ('20000008-0000-4000-8000-000000000008','module-3-lesson-2','module-3',true,0,NOW()),
  ('20000008-0000-4000-8000-000000000008','module-3-lesson-3','module-3',true,0,NOW()),
  ('20000008-0000-4000-8000-000000000008','module-3-lesson-4','module-3',true,0,NOW()),
  ('20000008-0000-4000-8000-000000000008','module-3-lesson-5','module-3',true,0,NOW()),
  ('20000008-0000-4000-8000-000000000008','module-4-lesson-1','module-4',true,0,NOW()),
  ('20000008-0000-4000-8000-000000000008','module-4-lesson-2','module-4',true,0,NOW()),
  ('20000008-0000-4000-8000-000000000008','module-4-lesson-3','module-4',true,0,NOW()),
  ('20000008-0000-4000-8000-000000000008','module-4-lesson-4','module-4',true,0,NOW()),
  ('20000008-0000-4000-8000-000000000008','module-4-lesson-5','module-4',true,0,NOW()),
  ('20000008-0000-4000-8000-000000000008','module-5-lesson-1','module-5',true,0,NOW()),
  ('20000008-0000-4000-8000-000000000008','module-5-lesson-2','module-5',true,0,NOW()),
  ('20000008-0000-4000-8000-000000000008','module-5-lesson-3','module-5',true,0,NOW()),
  ('20000008-0000-4000-8000-000000000008','module-5-lesson-4','module-5',true,0,NOW()),
  ('20000008-0000-4000-8000-000000000008','module-5-lesson-5','module-5',true,0,NOW()),
  ('20000008-0000-4000-8000-000000000008','module-6-lesson-1','module-6',true,0,NOW()),
  ('20000008-0000-4000-8000-000000000008','module-6-lesson-2','module-6',true,0,NOW()),
  ('20000008-0000-4000-8000-000000000008','module-6-lesson-3','module-6',true,0,NOW()),
  ('20000009-0000-4000-8000-000000000009','module-1-lesson-1','module-1',true,0,NOW()),
  ('20000009-0000-4000-8000-000000000009','module-1-lesson-2','module-1',true,0,NOW()),
  ('20000009-0000-4000-8000-000000000009','module-1-lesson-3','module-1',true,0,NOW()),
  ('20000009-0000-4000-8000-000000000009','module-1-lesson-4','module-1',true,0,NOW()),
  ('20000009-0000-4000-8000-000000000009','module-1-lesson-5','module-1',true,0,NOW()),
  ('20000009-0000-4000-8000-000000000009','module-2-lesson-1','module-2',true,0,NOW()),
  ('20000009-0000-4000-8000-000000000009','module-2-lesson-2','module-2',true,0,NOW()),
  ('20000009-0000-4000-8000-000000000009','module-2-lesson-3','module-2',true,0,NOW()),
  ('20000009-0000-4000-8000-000000000009','module-2-lesson-4','module-2',true,0,NOW()),
  ('20000009-0000-4000-8000-000000000009','module-2-lesson-5','module-2',true,0,NOW()),
  ('20000009-0000-4000-8000-000000000009','module-3-lesson-1','module-3',true,0,NOW()),
  ('20000009-0000-4000-8000-000000000009','module-3-lesson-2','module-3',true,0,NOW()),
  ('20000009-0000-4000-8000-000000000009','module-3-lesson-3','module-3',true,0,NOW()),
  ('20000009-0000-4000-8000-000000000009','module-3-lesson-4','module-3',true,0,NOW()),
  ('20000009-0000-4000-8000-000000000009','module-3-lesson-5','module-3',true,0,NOW()),
  ('20000009-0000-4000-8000-000000000009','module-4-lesson-1','module-4',true,0,NOW()),
  ('20000009-0000-4000-8000-000000000009','module-4-lesson-2','module-4',true,0,NOW()),
  ('20000009-0000-4000-8000-000000000009','module-4-lesson-3','module-4',true,0,NOW()),
  ('20000009-0000-4000-8000-000000000009','module-4-lesson-4','module-4',true,0,NOW()),
  ('20000009-0000-4000-8000-000000000009','module-4-lesson-5','module-4',true,0,NOW()),
  ('20000009-0000-4000-8000-000000000009','module-5-lesson-1','module-5',true,0,NOW()),
  ('20000009-0000-4000-8000-000000000009','module-5-lesson-2','module-5',true,0,NOW()),
  ('20000010-0000-4000-8000-000000000010','module-1-lesson-1','module-1',true,0,NOW()),
  ('20000010-0000-4000-8000-000000000010','module-1-lesson-2','module-1',true,0,NOW()),
  ('20000010-0000-4000-8000-000000000010','module-1-lesson-3','module-1',true,0,NOW()),
  ('20000010-0000-4000-8000-000000000010','module-1-lesson-4','module-1',true,0,NOW()),
  ('20000010-0000-4000-8000-000000000010','module-1-lesson-5','module-1',true,0,NOW()),
  ('20000010-0000-4000-8000-000000000010','module-2-lesson-1','module-2',true,0,NOW()),
  ('20000010-0000-4000-8000-000000000010','module-2-lesson-2','module-2',true,0,NOW()),
  ('20000010-0000-4000-8000-000000000010','module-2-lesson-3','module-2',true,0,NOW()),
  ('20000010-0000-4000-8000-000000000010','module-2-lesson-4','module-2',true,0,NOW()),
  ('20000010-0000-4000-8000-000000000010','module-2-lesson-5','module-2',true,0,NOW()),
  ('20000010-0000-4000-8000-000000000010','module-3-lesson-1','module-3',true,0,NOW()),
  ('20000010-0000-4000-8000-000000000010','module-3-lesson-2','module-3',true,0,NOW()),
  ('20000010-0000-4000-8000-000000000010','module-3-lesson-3','module-3',true,0,NOW()),
  ('20000010-0000-4000-8000-000000000010','module-3-lesson-4','module-3',true,0,NOW()),
  ('20000010-0000-4000-8000-000000000010','module-3-lesson-5','module-3',true,0,NOW()),
  ('20000010-0000-4000-8000-000000000010','module-4-lesson-1','module-4',true,0,NOW()),
  ('20000010-0000-4000-8000-000000000010','module-4-lesson-2','module-4',true,0,NOW()),
  ('20000010-0000-4000-8000-000000000010','module-4-lesson-3','module-4',true,0,NOW()),
  ('20000010-0000-4000-8000-000000000010','module-4-lesson-4','module-4',true,0,NOW()),
  ('20000010-0000-4000-8000-000000000010','module-4-lesson-5','module-4',true,0,NOW()),
  ('20000011-0000-4000-8000-000000000011','module-1-lesson-1','module-1',true,0,NOW()),
  ('20000011-0000-4000-8000-000000000011','module-1-lesson-2','module-1',true,0,NOW()),
  ('20000011-0000-4000-8000-000000000011','module-1-lesson-3','module-1',true,0,NOW()),
  ('20000011-0000-4000-8000-000000000011','module-1-lesson-4','module-1',true,0,NOW()),
  ('20000011-0000-4000-8000-000000000011','module-1-lesson-5','module-1',true,0,NOW()),
  ('20000011-0000-4000-8000-000000000011','module-2-lesson-1','module-2',true,0,NOW()),
  ('20000011-0000-4000-8000-000000000011','module-2-lesson-2','module-2',true,0,NOW()),
  ('20000011-0000-4000-8000-000000000011','module-2-lesson-3','module-2',true,0,NOW()),
  ('20000011-0000-4000-8000-000000000011','module-2-lesson-4','module-2',true,0,NOW()),
  ('20000011-0000-4000-8000-000000000011','module-2-lesson-5','module-2',true,0,NOW()),
  ('20000011-0000-4000-8000-000000000011','module-3-lesson-1','module-3',true,0,NOW()),
  ('20000011-0000-4000-8000-000000000011','module-3-lesson-2','module-3',true,0,NOW()),
  ('20000011-0000-4000-8000-000000000011','module-3-lesson-3','module-3',true,0,NOW()),
  ('20000011-0000-4000-8000-000000000011','module-3-lesson-4','module-3',true,0,NOW()),
  ('20000011-0000-4000-8000-000000000011','module-3-lesson-5','module-3',true,0,NOW()),
  ('20000011-0000-4000-8000-000000000011','module-4-lesson-1','module-4',true,0,NOW()),
  ('20000011-0000-4000-8000-000000000011','module-4-lesson-2','module-4',true,0,NOW()),
  ('20000011-0000-4000-8000-000000000011','module-4-lesson-3','module-4',true,0,NOW()),
  ('20000011-0000-4000-8000-000000000011','module-4-lesson-4','module-4',true,0,NOW()),
  ('20000012-0000-4000-8000-000000000012','module-1-lesson-1','module-1',true,0,NOW()),
  ('20000012-0000-4000-8000-000000000012','module-1-lesson-2','module-1',true,0,NOW()),
  ('20000012-0000-4000-8000-000000000012','module-1-lesson-3','module-1',true,0,NOW()),
  ('20000012-0000-4000-8000-000000000012','module-1-lesson-4','module-1',true,0,NOW()),
  ('20000012-0000-4000-8000-000000000012','module-1-lesson-5','module-1',true,0,NOW()),
  ('20000012-0000-4000-8000-000000000012','module-2-lesson-1','module-2',true,0,NOW()),
  ('20000012-0000-4000-8000-000000000012','module-2-lesson-2','module-2',true,0,NOW()),
  ('20000012-0000-4000-8000-000000000012','module-2-lesson-3','module-2',true,0,NOW()),
  ('20000012-0000-4000-8000-000000000012','module-2-lesson-4','module-2',true,0,NOW()),
  ('20000012-0000-4000-8000-000000000012','module-2-lesson-5','module-2',true,0,NOW()),
  ('20000012-0000-4000-8000-000000000012','module-3-lesson-1','module-3',true,0,NOW()),
  ('20000012-0000-4000-8000-000000000012','module-3-lesson-2','module-3',true,0,NOW()),
  ('20000012-0000-4000-8000-000000000012','module-3-lesson-3','module-3',true,0,NOW()),
  ('20000012-0000-4000-8000-000000000012','module-3-lesson-4','module-3',true,0,NOW()),
  ('20000012-0000-4000-8000-000000000012','module-3-lesson-5','module-3',true,0,NOW()),
  ('20000012-0000-4000-8000-000000000012','module-4-lesson-1','module-4',true,0,NOW()),
  ('20000012-0000-4000-8000-000000000012','module-4-lesson-2','module-4',true,0,NOW()),
  ('20000013-0000-4000-8000-000000000013','module-1-lesson-1','module-1',true,0,NOW()),
  ('20000013-0000-4000-8000-000000000013','module-1-lesson-2','module-1',true,0,NOW()),
  ('20000013-0000-4000-8000-000000000013','module-1-lesson-3','module-1',true,0,NOW()),
  ('20000013-0000-4000-8000-000000000013','module-1-lesson-4','module-1',true,0,NOW()),
  ('20000013-0000-4000-8000-000000000013','module-1-lesson-5','module-1',true,0,NOW()),
  ('20000013-0000-4000-8000-000000000013','module-2-lesson-1','module-2',true,0,NOW()),
  ('20000013-0000-4000-8000-000000000013','module-2-lesson-2','module-2',true,0,NOW()),
  ('20000013-0000-4000-8000-000000000013','module-2-lesson-3','module-2',true,0,NOW()),
  ('20000013-0000-4000-8000-000000000013','module-2-lesson-4','module-2',true,0,NOW()),
  ('20000013-0000-4000-8000-000000000013','module-2-lesson-5','module-2',true,0,NOW()),
  ('20000013-0000-4000-8000-000000000013','module-3-lesson-1','module-3',true,0,NOW()),
  ('20000014-0000-4000-8000-000000000014','module-1-lesson-1','module-1',true,0,NOW()),
  ('20000014-0000-4000-8000-000000000014','module-1-lesson-2','module-1',true,0,NOW()),
  ('20000014-0000-4000-8000-000000000014','module-1-lesson-3','module-1',true,0,NOW()),
  ('20000014-0000-4000-8000-000000000014','module-1-lesson-4','module-1',true,0,NOW()),
  ('20000014-0000-4000-8000-000000000014','module-1-lesson-5','module-1',true,0,NOW()),
  ('20000014-0000-4000-8000-000000000014','module-2-lesson-1','module-2',true,0,NOW()),
  ('20000014-0000-4000-8000-000000000014','module-2-lesson-2','module-2',true,0,NOW()),
  ('20000014-0000-4000-8000-000000000014','module-2-lesson-3','module-2',true,0,NOW()),
  ('20000014-0000-4000-8000-000000000014','module-2-lesson-4','module-2',true,0,NOW()),
  ('20000014-0000-4000-8000-000000000014','module-2-lesson-5','module-2',true,0,NOW()),
  ('20000014-0000-4000-8000-000000000014','module-3-lesson-1','module-3',true,0,NOW()),
  ('20000014-0000-4000-8000-000000000014','module-3-lesson-2','module-3',true,0,NOW()),
  ('20000014-0000-4000-8000-000000000014','module-3-lesson-3','module-3',true,0,NOW()),
  ('20000015-0000-4000-8000-000000000015','module-1-lesson-1','module-1',true,0,NOW()),
  ('20000015-0000-4000-8000-000000000015','module-1-lesson-2','module-1',true,0,NOW()),
  ('20000015-0000-4000-8000-000000000015','module-1-lesson-3','module-1',true,0,NOW()),
  ('20000015-0000-4000-8000-000000000015','module-1-lesson-4','module-1',true,0,NOW()),
  ('20000015-0000-4000-8000-000000000015','module-1-lesson-5','module-1',true,0,NOW()),
  ('20000015-0000-4000-8000-000000000015','module-2-lesson-1','module-2',true,0,NOW()),
  ('20000015-0000-4000-8000-000000000015','module-2-lesson-2','module-2',true,0,NOW()),
  ('20000015-0000-4000-8000-000000000015','module-2-lesson-3','module-2',true,0,NOW()),
  ('20000015-0000-4000-8000-000000000015','module-2-lesson-4','module-2',true,0,NOW()),
  ('20000016-0000-4000-8000-000000000016','module-1-lesson-1','module-1',true,0,NOW()),
  ('20000016-0000-4000-8000-000000000016','module-1-lesson-2','module-1',true,0,NOW()),
  ('20000016-0000-4000-8000-000000000016','module-1-lesson-3','module-1',true,0,NOW()),
  ('20000016-0000-4000-8000-000000000016','module-1-lesson-4','module-1',true,0,NOW()),
  ('20000016-0000-4000-8000-000000000016','module-1-lesson-5','module-1',true,0,NOW()),
  ('20000016-0000-4000-8000-000000000016','module-2-lesson-1','module-2',true,0,NOW()),
  ('20000016-0000-4000-8000-000000000016','module-2-lesson-2','module-2',true,0,NOW()),
  ('20000017-0000-4000-8000-000000000017','module-1-lesson-1','module-1',true,0,NOW()),
  ('20000017-0000-4000-8000-000000000017','module-1-lesson-2','module-1',true,0,NOW()),
  ('20000017-0000-4000-8000-000000000017','module-1-lesson-3','module-1',true,0,NOW()),
  ('20000017-0000-4000-8000-000000000017','module-1-lesson-4','module-1',true,0,NOW()),
  ('20000017-0000-4000-8000-000000000017','module-1-lesson-5','module-1',true,0,NOW()),
  ('20000017-0000-4000-8000-000000000017','module-2-lesson-1','module-2',true,0,NOW()),
  ('20000018-0000-4000-8000-000000000018','module-1-lesson-1','module-1',true,0,NOW()),
  ('20000018-0000-4000-8000-000000000018','module-1-lesson-2','module-1',true,0,NOW()),
  ('20000018-0000-4000-8000-000000000018','module-1-lesson-3','module-1',true,0,NOW()),
  ('20000018-0000-4000-8000-000000000018','module-1-lesson-4','module-1',true,0,NOW()),
  ('20000018-0000-4000-8000-000000000018','module-1-lesson-5','module-1',true,0,NOW()),
  ('20000019-0000-4000-8000-000000000019','module-1-lesson-1','module-1',true,0,NOW()),
  ('20000019-0000-4000-8000-000000000019','module-1-lesson-2','module-1',true,0,NOW()),
  ('20000019-0000-4000-8000-000000000019','module-1-lesson-3','module-1',true,0,NOW()),
  ('20000019-0000-4000-8000-000000000019','module-1-lesson-4','module-1',true,0,NOW()),
  ('20000020-0000-4000-8000-000000000020','module-1-lesson-1','module-1',true,0,NOW()),
  ('20000020-0000-4000-8000-000000000020','module-1-lesson-2','module-1',true,0,NOW()),
  ('20000020-0000-4000-8000-000000000020','module-1-lesson-3','module-1',true,0,NOW()),
  ('20000021-0000-4000-8000-000000000021','module-1-lesson-1','module-1',true,0,NOW()),
  ('20000021-0000-4000-8000-000000000021','module-1-lesson-2','module-1',true,0,NOW()),
  ('20000022-0000-4000-8000-000000000022','module-1-lesson-1','module-1',true,0,NOW()),
  ('20000024-0000-4000-8000-000000000024','module-1-lesson-1','module-1',true,0,NOW()),
  ('20000024-0000-4000-8000-000000000024','module-1-lesson-2','module-1',true,0,NOW()),
  ('20000024-0000-4000-8000-000000000024','module-1-lesson-3','module-1',true,0,NOW()),
  ('20000025-0000-4000-8000-000000000025','module-1-lesson-1','module-1',true,0,NOW()),
  ('20000025-0000-4000-8000-000000000025','module-1-lesson-2','module-1',true,0,NOW()),
  ('20000026-0000-4000-8000-000000000026','module-1-lesson-1','module-1',true,0,NOW()),
  ('20000027-0000-4000-8000-000000000027','module-1-lesson-1','module-1',true,0,NOW()),
  ('20000027-0000-4000-8000-000000000027','module-1-lesson-2','module-1',true,0,NOW()),
  ('20000027-0000-4000-8000-000000000027','module-1-lesson-3','module-1',true,0,NOW()),
  ('20000027-0000-4000-8000-000000000027','module-1-lesson-4','module-1',true,0,NOW()),
  ('20000027-0000-4000-8000-000000000027','module-1-lesson-5','module-1',true,0,NOW()),
  ('20000027-0000-4000-8000-000000000027','module-2-lesson-1','module-2',true,0,NOW()),
  ('20000027-0000-4000-8000-000000000027','module-2-lesson-2','module-2',true,0,NOW()),
  ('20000027-0000-4000-8000-000000000027','module-2-lesson-3','module-2',true,0,NOW()),
  ('20000028-0000-4000-8000-000000000028','module-1-lesson-1','module-1',true,0,NOW()),
  ('20000028-0000-4000-8000-000000000028','module-1-lesson-2','module-1',true,0,NOW()),
  ('20000028-0000-4000-8000-000000000028','module-1-lesson-3','module-1',true,0,NOW()),
  ('20000028-0000-4000-8000-000000000028','module-1-lesson-4','module-1',true,0,NOW()),
  ('20000028-0000-4000-8000-000000000028','module-1-lesson-5','module-1',true,0,NOW()),
  ('20000028-0000-4000-8000-000000000028','module-2-lesson-1','module-2',true,0,NOW()),
  ('20000028-0000-4000-8000-000000000028','module-2-lesson-2','module-2',true,0,NOW()),
  ('20000028-0000-4000-8000-000000000028','module-2-lesson-3','module-2',true,0,NOW()),
  ('20000028-0000-4000-8000-000000000028','module-2-lesson-4','module-2',true,0,NOW()),
  ('20000028-0000-4000-8000-000000000028','module-2-lesson-5','module-2',true,0,NOW()),
  ('20000029-0000-4000-8000-000000000029','module-1-lesson-1','module-1',true,0,NOW()),
  ('20000029-0000-4000-8000-000000000029','module-1-lesson-2','module-1',true,0,NOW()),
  ('20000029-0000-4000-8000-000000000029','module-1-lesson-3','module-1',true,0,NOW()),
  ('20000029-0000-4000-8000-000000000029','module-1-lesson-4','module-1',true,0,NOW()),
  ('20000029-0000-4000-8000-000000000029','module-1-lesson-5','module-1',true,0,NOW()),
  ('20000029-0000-4000-8000-000000000029','module-2-lesson-1','module-2',true,0,NOW()),
  ('20000029-0000-4000-8000-000000000029','module-2-lesson-2','module-2',true,0,NOW()),
  ('20000029-0000-4000-8000-000000000029','module-2-lesson-3','module-2',true,0,NOW()),
  ('20000029-0000-4000-8000-000000000029','module-2-lesson-4','module-2',true,0,NOW()),
  ('20000029-0000-4000-8000-000000000029','module-2-lesson-5','module-2',true,0,NOW()),
  ('20000029-0000-4000-8000-000000000029','module-3-lesson-1','module-3',true,0,NOW()),
  ('20000029-0000-4000-8000-000000000029','module-3-lesson-2','module-3',true,0,NOW()),
  ('20000030-0000-4000-8000-000000000030','module-1-lesson-1','module-1',true,0,NOW()),
  ('20000030-0000-4000-8000-000000000030','module-1-lesson-2','module-1',true,0,NOW()),
  ('20000030-0000-4000-8000-000000000030','module-1-lesson-3','module-1',true,0,NOW()),
  ('20000030-0000-4000-8000-000000000030','module-1-lesson-4','module-1',true,0,NOW()),
  ('20000030-0000-4000-8000-000000000030','module-1-lesson-5','module-1',true,0,NOW()),
  ('20000030-0000-4000-8000-000000000030','module-2-lesson-1','module-2',true,0,NOW()),
  ('20000030-0000-4000-8000-000000000030','module-2-lesson-2','module-2',true,0,NOW()),
  ('20000030-0000-4000-8000-000000000030','module-2-lesson-3','module-2',true,0,NOW()),
  ('20000030-0000-4000-8000-000000000030','module-2-lesson-4','module-2',true,0,NOW()),
  ('20000030-0000-4000-8000-000000000030','module-2-lesson-5','module-2',true,0,NOW()),
  ('20000030-0000-4000-8000-000000000030','module-3-lesson-1','module-3',true,0,NOW()),
  ('20000030-0000-4000-8000-000000000030','module-3-lesson-2','module-3',true,0,NOW()),
  ('20000030-0000-4000-8000-000000000030','module-3-lesson-3','module-3',true,0,NOW()),
  ('20000030-0000-4000-8000-000000000030','module-3-lesson-4','module-3',true,0,NOW()),
  ('20000030-0000-4000-8000-000000000030','module-3-lesson-5','module-3',true,0,NOW()),
  ('20000030-0000-4000-8000-000000000030','module-4-lesson-1','module-4',true,0,NOW());

INSERT INTO public.user_module_progress (user_id, module_id, status, progress_percentage, completed_at) VALUES 
  ('20000001-0000-4000-8000-000000000001','module-1','completed',100,NOW()),
  ('20000001-0000-4000-8000-000000000001','module-2','completed',100,NOW()),
  ('20000001-0000-4000-8000-000000000001','module-3','completed',100,NOW()),
  ('20000001-0000-4000-8000-000000000001','module-4','completed',100,NOW()),
  ('20000001-0000-4000-8000-000000000001','module-5','completed',100,NOW()),
  ('20000001-0000-4000-8000-000000000001','module-6','completed',100,NOW()),
  ('20000001-0000-4000-8000-000000000001','module-7','completed',100,NOW()),
  ('20000001-0000-4000-8000-000000000001','module-8','completed',100,NOW()),
  ('20000001-0000-4000-8000-000000000001','module-9','completed',100,NOW()),
  ('20000001-0000-4000-8000-000000000001','module-10','completed',100,NOW()),
  ('20000001-0000-4000-8000-000000000001','module-11','completed',100,NOW()),
  ('20000001-0000-4000-8000-000000000001','module-12','completed',100,NOW()),
  ('20000001-0000-4000-8000-000000000001','module-13','in_progress',40,NULL),
  ('20000002-0000-4000-8000-000000000002','module-1','completed',100,NOW()),
  ('20000002-0000-4000-8000-000000000002','module-2','completed',100,NOW()),
  ('20000002-0000-4000-8000-000000000002','module-3','completed',100,NOW()),
  ('20000002-0000-4000-8000-000000000002','module-4','completed',100,NOW()),
  ('20000002-0000-4000-8000-000000000002','module-5','completed',100,NOW()),
  ('20000002-0000-4000-8000-000000000002','module-6','completed',100,NOW()),
  ('20000002-0000-4000-8000-000000000002','module-7','completed',100,NOW()),
  ('20000002-0000-4000-8000-000000000002','module-8','completed',100,NOW()),
  ('20000002-0000-4000-8000-000000000002','module-9','completed',100,NOW()),
  ('20000002-0000-4000-8000-000000000002','module-10','completed',100,NOW()),
  ('20000002-0000-4000-8000-000000000002','module-11','in_progress',80,NULL),
  ('20000003-0000-4000-8000-000000000003','module-1','completed',100,NOW()),
  ('20000003-0000-4000-8000-000000000003','module-2','completed',100,NOW()),
  ('20000003-0000-4000-8000-000000000003','module-3','completed',100,NOW()),
  ('20000003-0000-4000-8000-000000000003','module-4','completed',100,NOW()),
  ('20000003-0000-4000-8000-000000000003','module-5','completed',100,NOW()),
  ('20000003-0000-4000-8000-000000000003','module-6','completed',100,NOW()),
  ('20000003-0000-4000-8000-000000000003','module-7','completed',100,NOW()),
  ('20000003-0000-4000-8000-000000000003','module-8','completed',100,NOW()),
  ('20000003-0000-4000-8000-000000000003','module-9','completed',100,NOW()),
  ('20000003-0000-4000-8000-000000000003','module-10','in_progress',20,NULL),
  ('20000004-0000-4000-8000-000000000004','module-1','completed',100,NOW()),
  ('20000004-0000-4000-8000-000000000004','module-2','completed',100,NOW()),
  ('20000004-0000-4000-8000-000000000004','module-3','completed',100,NOW()),
  ('20000004-0000-4000-8000-000000000004','module-4','completed',100,NOW()),
  ('20000004-0000-4000-8000-000000000004','module-5','completed',100,NOW()),
  ('20000004-0000-4000-8000-000000000004','module-6','completed',100,NOW()),
  ('20000004-0000-4000-8000-000000000004','module-7','completed',100,NOW()),
  ('20000004-0000-4000-8000-000000000004','module-8','completed',100,NOW()),
  ('20000004-0000-4000-8000-000000000004','module-9','in_progress',60,NULL),
  ('20000005-0000-4000-8000-000000000005','module-1','completed',100,NOW()),
  ('20000005-0000-4000-8000-000000000005','module-2','completed',100,NOW()),
  ('20000005-0000-4000-8000-000000000005','module-3','completed',100,NOW()),
  ('20000005-0000-4000-8000-000000000005','module-4','completed',100,NOW()),
  ('20000005-0000-4000-8000-000000000005','module-5','completed',100,NOW()),
  ('20000005-0000-4000-8000-000000000005','module-6','completed',100,NOW()),
  ('20000005-0000-4000-8000-000000000005','module-7','completed',100,NOW()),
  ('20000005-0000-4000-8000-000000000005','module-8','in_progress',40,NULL),
  ('20000006-0000-4000-8000-000000000006','module-1','completed',100,NOW()),
  ('20000006-0000-4000-8000-000000000006','module-2','completed',100,NOW()),
  ('20000006-0000-4000-8000-000000000006','module-3','completed',100,NOW()),
  ('20000006-0000-4000-8000-000000000006','module-4','completed',100,NOW()),
  ('20000006-0000-4000-8000-000000000006','module-5','completed',100,NOW()),
  ('20000006-0000-4000-8000-000000000006','module-6','completed',100,NOW()),
  ('20000006-0000-4000-8000-000000000006','module-7','in_progress',80,NULL),
  ('20000007-0000-4000-8000-000000000007','module-1','completed',100,NOW()),
  ('20000007-0000-4000-8000-000000000007','module-2','completed',100,NOW()),
  ('20000007-0000-4000-8000-000000000007','module-3','completed',100,NOW()),
  ('20000007-0000-4000-8000-000000000007','module-4','completed',100,NOW()),
  ('20000007-0000-4000-8000-000000000007','module-5','completed',100,NOW()),
  ('20000007-0000-4000-8000-000000000007','module-6','in_progress',20,NULL),
  ('20000008-0000-4000-8000-000000000008','module-1','completed',100,NOW()),
  ('20000008-0000-4000-8000-000000000008','module-2','completed',100,NOW()),
  ('20000008-0000-4000-8000-000000000008','module-3','completed',100,NOW()),
  ('20000008-0000-4000-8000-000000000008','module-4','completed',100,NOW()),
  ('20000008-0000-4000-8000-000000000008','module-5','completed',100,NOW()),
  ('20000008-0000-4000-8000-000000000008','module-6','in_progress',60,NULL),
  ('20000009-0000-4000-8000-000000000009','module-1','completed',100,NOW()),
  ('20000009-0000-4000-8000-000000000009','module-2','completed',100,NOW()),
  ('20000009-0000-4000-8000-000000000009','module-3','completed',100,NOW()),
  ('20000009-0000-4000-8000-000000000009','module-4','completed',100,NOW()),
  ('20000009-0000-4000-8000-000000000009','module-5','in_progress',40,NULL),
  ('20000010-0000-4000-8000-000000000010','module-1','completed',100,NOW()),
  ('20000010-0000-4000-8000-000000000010','module-2','completed',100,NOW()),
  ('20000010-0000-4000-8000-000000000010','module-3','completed',100,NOW()),
  ('20000010-0000-4000-8000-000000000010','module-4','completed',100,NOW()),
  ('20000010-0000-4000-8000-000000000010','module-5','in_progress',0,NULL),
  ('20000011-0000-4000-8000-000000000011','module-1','completed',100,NOW()),
  ('20000011-0000-4000-8000-000000000011','module-2','completed',100,NOW()),
  ('20000011-0000-4000-8000-000000000011','module-3','completed',100,NOW()),
  ('20000011-0000-4000-8000-000000000011','module-4','in_progress',80,NULL),
  ('20000012-0000-4000-8000-000000000012','module-1','completed',100,NOW()),
  ('20000012-0000-4000-8000-000000000012','module-2','completed',100,NOW()),
  ('20000012-0000-4000-8000-000000000012','module-3','completed',100,NOW()),
  ('20000012-0000-4000-8000-000000000012','module-4','in_progress',40,NULL),
  ('20000013-0000-4000-8000-000000000013','module-1','completed',100,NOW()),
  ('20000013-0000-4000-8000-000000000013','module-2','completed',100,NOW()),
  ('20000013-0000-4000-8000-000000000013','module-3','in_progress',20,NULL),
  ('20000014-0000-4000-8000-000000000014','module-1','completed',100,NOW()),
  ('20000014-0000-4000-8000-000000000014','module-2','completed',100,NOW()),
  ('20000014-0000-4000-8000-000000000014','module-3','in_progress',60,NULL),
  ('20000015-0000-4000-8000-000000000015','module-1','completed',100,NOW()),
  ('20000015-0000-4000-8000-000000000015','module-2','in_progress',80,NULL),
  ('20000016-0000-4000-8000-000000000016','module-1','completed',100,NOW()),
  ('20000016-0000-4000-8000-000000000016','module-2','in_progress',40,NULL),
  ('20000017-0000-4000-8000-000000000017','module-1','completed',100,NOW()),
  ('20000017-0000-4000-8000-000000000017','module-2','in_progress',20,NULL),
  ('20000018-0000-4000-8000-000000000018','module-1','completed',100,NOW()),
  ('20000018-0000-4000-8000-000000000018','module-2','in_progress',0,NULL),
  ('20000019-0000-4000-8000-000000000019','module-1','in_progress',80,NULL),
  ('20000020-0000-4000-8000-000000000020','module-1','in_progress',60,NULL),
  ('20000021-0000-4000-8000-000000000021','module-1','in_progress',40,NULL),
  ('20000022-0000-4000-8000-000000000022','module-1','in_progress',20,NULL),
  ('20000023-0000-4000-8000-000000000023','module-1','in_progress',0,NULL),
  ('20000024-0000-4000-8000-000000000024','module-1','in_progress',60,NULL),
  ('20000025-0000-4000-8000-000000000025','module-1','in_progress',40,NULL),
  ('20000026-0000-4000-8000-000000000026','module-1','in_progress',20,NULL),
  ('20000027-0000-4000-8000-000000000027','module-1','completed',100,NOW()),
  ('20000027-0000-4000-8000-000000000027','module-2','in_progress',60,NULL),
  ('20000028-0000-4000-8000-000000000028','module-1','completed',100,NOW()),
  ('20000028-0000-4000-8000-000000000028','module-2','completed',100,NOW()),
  ('20000028-0000-4000-8000-000000000028','module-3','in_progress',0,NULL),
  ('20000029-0000-4000-8000-000000000029','module-1','completed',100,NOW()),
  ('20000029-0000-4000-8000-000000000029','module-2','completed',100,NOW()),
  ('20000029-0000-4000-8000-000000000029','module-3','in_progress',40,NULL),
  ('20000030-0000-4000-8000-000000000030','module-1','completed',100,NOW()),
  ('20000030-0000-4000-8000-000000000030','module-2','completed',100,NOW()),
  ('20000030-0000-4000-8000-000000000030','module-3','completed',100,NOW()),
  ('20000030-0000-4000-8000-000000000030','module-4','in_progress',20,NULL);

INSERT INTO public.user_quiz_attempts (user_id, module_id, attempt_number, score_percentage, passed, answers, completed_at) VALUES 
  ('20000001-0000-4000-8000-000000000001','module-1',1,77,true,NULL,NOW()),
  ('20000001-0000-4000-8000-000000000001','module-2',1,82,true,NULL,NOW()),
  ('20000001-0000-4000-8000-000000000001','module-3',1,87,true,NULL,NOW()),
  ('20000001-0000-4000-8000-000000000001','module-4',1,92,true,NULL,NOW()),
  ('20000001-0000-4000-8000-000000000001','module-5',1,72,true,NULL,NOW()),
  ('20000001-0000-4000-8000-000000000001','module-6',1,77,true,NULL,NOW()),
  ('20000001-0000-4000-8000-000000000001','module-7',1,82,true,NULL,NOW()),
  ('20000001-0000-4000-8000-000000000001','module-8',1,87,true,NULL,NOW()),
  ('20000001-0000-4000-8000-000000000001','module-9',1,92,true,NULL,NOW()),
  ('20000001-0000-4000-8000-000000000001','module-10',1,72,true,NULL,NOW()),
  ('20000001-0000-4000-8000-000000000001','module-11',1,77,true,NULL,NOW()),
  ('20000001-0000-4000-8000-000000000001','module-12',1,82,true,NULL,NOW()),
  ('20000002-0000-4000-8000-000000000002','module-1',1,77,true,NULL,NOW()),
  ('20000002-0000-4000-8000-000000000002','module-2',1,82,true,NULL,NOW()),
  ('20000002-0000-4000-8000-000000000002','module-3',1,87,true,NULL,NOW()),
  ('20000002-0000-4000-8000-000000000002','module-4',1,92,true,NULL,NOW()),
  ('20000002-0000-4000-8000-000000000002','module-5',1,72,true,NULL,NOW()),
  ('20000002-0000-4000-8000-000000000002','module-6',1,77,true,NULL,NOW()),
  ('20000002-0000-4000-8000-000000000002','module-7',1,82,true,NULL,NOW()),
  ('20000002-0000-4000-8000-000000000002','module-8',1,87,true,NULL,NOW()),
  ('20000002-0000-4000-8000-000000000002','module-9',1,92,true,NULL,NOW()),
  ('20000002-0000-4000-8000-000000000002','module-10',1,72,true,NULL,NOW()),
  ('20000003-0000-4000-8000-000000000003','module-1',1,77,true,NULL,NOW()),
  ('20000003-0000-4000-8000-000000000003','module-2',1,82,true,NULL,NOW()),
  ('20000003-0000-4000-8000-000000000003','module-3',1,87,true,NULL,NOW()),
  ('20000003-0000-4000-8000-000000000003','module-4',1,92,true,NULL,NOW()),
  ('20000003-0000-4000-8000-000000000003','module-5',1,72,true,NULL,NOW()),
  ('20000003-0000-4000-8000-000000000003','module-6',1,77,true,NULL,NOW()),
  ('20000003-0000-4000-8000-000000000003','module-7',1,82,true,NULL,NOW()),
  ('20000003-0000-4000-8000-000000000003','module-8',1,87,true,NULL,NOW()),
  ('20000003-0000-4000-8000-000000000003','module-9',1,92,true,NULL,NOW()),
  ('20000004-0000-4000-8000-000000000004','module-1',1,77,true,NULL,NOW()),
  ('20000004-0000-4000-8000-000000000004','module-2',1,82,true,NULL,NOW()),
  ('20000004-0000-4000-8000-000000000004','module-3',1,87,true,NULL,NOW()),
  ('20000004-0000-4000-8000-000000000004','module-4',1,92,true,NULL,NOW()),
  ('20000004-0000-4000-8000-000000000004','module-5',1,72,true,NULL,NOW()),
  ('20000004-0000-4000-8000-000000000004','module-6',1,77,true,NULL,NOW()),
  ('20000004-0000-4000-8000-000000000004','module-7',1,82,true,NULL,NOW()),
  ('20000004-0000-4000-8000-000000000004','module-8',1,87,true,NULL,NOW()),
  ('20000005-0000-4000-8000-000000000005','module-1',1,77,true,NULL,NOW()),
  ('20000005-0000-4000-8000-000000000005','module-2',1,82,true,NULL,NOW()),
  ('20000005-0000-4000-8000-000000000005','module-3',1,87,true,NULL,NOW()),
  ('20000005-0000-4000-8000-000000000005','module-4',1,92,true,NULL,NOW()),
  ('20000005-0000-4000-8000-000000000005','module-5',1,72,true,NULL,NOW()),
  ('20000005-0000-4000-8000-000000000005','module-6',1,77,true,NULL,NOW()),
  ('20000005-0000-4000-8000-000000000005','module-7',1,82,true,NULL,NOW()),
  ('20000006-0000-4000-8000-000000000006','module-1',1,77,true,NULL,NOW()),
  ('20000006-0000-4000-8000-000000000006','module-2',1,82,true,NULL,NOW()),
  ('20000006-0000-4000-8000-000000000006','module-3',1,87,true,NULL,NOW()),
  ('20000006-0000-4000-8000-000000000006','module-4',1,92,true,NULL,NOW()),
  ('20000006-0000-4000-8000-000000000006','module-5',1,72,true,NULL,NOW()),
  ('20000006-0000-4000-8000-000000000006','module-6',1,77,true,NULL,NOW()),
  ('20000007-0000-4000-8000-000000000007','module-1',1,77,true,NULL,NOW()),
  ('20000007-0000-4000-8000-000000000007','module-2',1,82,true,NULL,NOW()),
  ('20000007-0000-4000-8000-000000000007','module-3',1,87,true,NULL,NOW()),
  ('20000007-0000-4000-8000-000000000007','module-4',1,92,true,NULL,NOW()),
  ('20000007-0000-4000-8000-000000000007','module-5',1,72,true,NULL,NOW()),
  ('20000008-0000-4000-8000-000000000008','module-1',1,77,true,NULL,NOW()),
  ('20000008-0000-4000-8000-000000000008','module-2',1,82,true,NULL,NOW()),
  ('20000008-0000-4000-8000-000000000008','module-3',1,87,true,NULL,NOW()),
  ('20000008-0000-4000-8000-000000000008','module-4',1,92,true,NULL,NOW()),
  ('20000008-0000-4000-8000-000000000008','module-5',1,72,true,NULL,NOW()),
  ('20000009-0000-4000-8000-000000000009','module-1',1,77,true,NULL,NOW()),
  ('20000009-0000-4000-8000-000000000009','module-2',1,82,true,NULL,NOW()),
  ('20000009-0000-4000-8000-000000000009','module-3',1,87,true,NULL,NOW()),
  ('20000009-0000-4000-8000-000000000009','module-4',1,92,true,NULL,NOW()),
  ('20000010-0000-4000-8000-000000000010','module-1',1,77,true,NULL,NOW()),
  ('20000010-0000-4000-8000-000000000010','module-2',1,82,true,NULL,NOW()),
  ('20000010-0000-4000-8000-000000000010','module-3',1,87,true,NULL,NOW()),
  ('20000010-0000-4000-8000-000000000010','module-4',1,92,true,NULL,NOW()),
  ('20000011-0000-4000-8000-000000000011','module-1',1,77,true,NULL,NOW()),
  ('20000011-0000-4000-8000-000000000011','module-2',1,82,true,NULL,NOW()),
  ('20000011-0000-4000-8000-000000000011','module-3',1,87,true,NULL,NOW()),
  ('20000012-0000-4000-8000-000000000012','module-1',1,77,true,NULL,NOW()),
  ('20000012-0000-4000-8000-000000000012','module-2',1,82,true,NULL,NOW()),
  ('20000012-0000-4000-8000-000000000012','module-3',1,87,true,NULL,NOW()),
  ('20000013-0000-4000-8000-000000000013','module-1',1,77,true,NULL,NOW()),
  ('20000013-0000-4000-8000-000000000013','module-2',1,82,true,NULL,NOW()),
  ('20000014-0000-4000-8000-000000000014','module-1',1,77,true,NULL,NOW()),
  ('20000014-0000-4000-8000-000000000014','module-2',1,82,true,NULL,NOW()),
  ('20000015-0000-4000-8000-000000000015','module-1',1,77,true,NULL,NOW()),
  ('20000016-0000-4000-8000-000000000016','module-1',1,77,true,NULL,NOW()),
  ('20000017-0000-4000-8000-000000000017','module-1',1,77,true,NULL,NOW()),
  ('20000018-0000-4000-8000-000000000018','module-1',1,77,true,NULL,NOW()),
  ('20000027-0000-4000-8000-000000000027','module-1',1,77,true,NULL,NOW()),
  ('20000028-0000-4000-8000-000000000028','module-1',1,77,true,NULL,NOW()),
  ('20000028-0000-4000-8000-000000000028','module-2',1,82,true,NULL,NOW()),
  ('20000029-0000-4000-8000-000000000029','module-1',1,77,true,NULL,NOW()),
  ('20000029-0000-4000-8000-000000000029','module-2',1,82,true,NULL,NOW()),
  ('20000030-0000-4000-8000-000000000030','module-1',1,77,true,NULL,NOW()),
  ('20000030-0000-4000-8000-000000000030','module-2',1,82,true,NULL,NOW()),
  ('20000030-0000-4000-8000-000000000030','module-3',1,87,true,NULL,NOW());

UPDATE auth.users au SET created_at = d.new_created_at
FROM (VALUES
  ('11111111-1111-1111-1111-111111111111'::uuid, NOW() - INTERVAL '120 days'),
  ('20000001-0000-4000-8000-000000000001'::uuid, NOW() - INTERVAL '100 days'),
  ('20000002-0000-4000-8000-000000000002'::uuid, NOW() - INTERVAL '92 days'),
  ('20000003-0000-4000-8000-000000000003'::uuid, NOW() - INTERVAL '85 days'),
  ('20000004-0000-4000-8000-000000000004'::uuid, NOW() - INTERVAL '78 days'),
  ('20000005-0000-4000-8000-000000000005'::uuid, NOW() - INTERVAL '72 days'),
  ('20000006-0000-4000-8000-000000000006'::uuid, NOW() - INTERVAL '58 days'),
  ('20000007-0000-4000-8000-000000000007'::uuid, NOW() - INTERVAL '52 days'),
  ('20000008-0000-4000-8000-000000000008'::uuid, NOW() - INTERVAL '45 days'),
  ('20000009-0000-4000-8000-000000000009'::uuid, NOW() - INTERVAL '40 days'),
  ('20000010-0000-4000-8000-000000000010'::uuid, NOW() - INTERVAL '35 days'),
  ('20000011-0000-4000-8000-000000000011'::uuid, NOW() - INTERVAL '28 days'),
  ('20000012-0000-4000-8000-000000000012'::uuid, NOW() - INTERVAL '24 days'),
  ('20000013-0000-4000-8000-000000000013'::uuid, NOW() - INTERVAL '20 days'),
  ('20000014-0000-4000-8000-000000000014'::uuid, NOW() - INTERVAL '16 days'),
  ('20000015-0000-4000-8000-000000000015'::uuid, NOW() - INTERVAL '14 days'),
  ('20000016-0000-4000-8000-000000000016'::uuid, NOW() - INTERVAL '11 days'),
  ('20000017-0000-4000-8000-000000000017'::uuid, NOW() - INTERVAL '9 days'),
  ('20000018-0000-4000-8000-000000000018'::uuid, NOW() - INTERVAL '7 days'),
  ('20000019-0000-4000-8000-000000000019'::uuid, NOW() - INTERVAL '6 days'),
  ('20000020-0000-4000-8000-000000000020'::uuid, NOW() - INTERVAL '5 days'),
  ('20000021-0000-4000-8000-000000000021'::uuid, NOW() - INTERVAL '4 days'),
  ('20000022-0000-4000-8000-000000000022'::uuid, NOW() - INTERVAL '4 days'),
  ('20000023-0000-4000-8000-000000000023'::uuid, NOW() - INTERVAL '3 days'),
  ('20000024-0000-4000-8000-000000000024'::uuid, NOW() - INTERVAL '3 days'),
  ('20000025-0000-4000-8000-000000000025'::uuid, NOW() - INTERVAL '2 days'),
  ('20000026-0000-4000-8000-000000000026'::uuid, NOW() - INTERVAL '2 days'),
  ('20000027-0000-4000-8000-000000000027'::uuid, NOW() - INTERVAL '1 day'),
  ('20000028-0000-4000-8000-000000000028'::uuid, NOW() - INTERVAL '1 day'),
  ('20000029-0000-4000-8000-000000000029'::uuid, NOW() - INTERVAL '18 hours'),
  ('20000030-0000-4000-8000-000000000030'::uuid, NOW() - INTERVAL '6 hours')
) AS d(id, new_created_at)
WHERE au.id = d.id;

UPDATE public.users u SET created_at = au.created_at
FROM auth.users au WHERE u.id = au.id AND au.email LIKE '%@test.com';

UPDATE public.user_lesson_progress ulp
SET completed_at = NOW() - (ABS(hashtext(ulp.user_id::text || ulp.lesson_id)) % 85 + 3) * INTERVAL '1 day',
    created_at = LEAST(ulp.created_at, NOW() - (ABS(hashtext(ulp.user_id::text || ulp.lesson_id)) % 85 + 3) * INTERVAL '1 day'),
    updated_at = NOW() - (ABS(hashtext(ulp.user_id::text || ulp.lesson_id)) % 85 + 3) * INTERVAL '1 day'
WHERE ulp.completed = true AND ulp.user_id IN (SELECT id FROM public.users WHERE email LIKE '%@test.com');

UPDATE public.user_module_progress ump
SET completed_at = CASE WHEN ump.status = 'completed' THEN NOW() - (ABS(hashtext(ump.user_id::text || ump.module_id)) % 90 + 5) * INTERVAL '1 day' ELSE NULL END,
    updated_at = CASE WHEN ump.status = 'in_progress' THEN NOW() - (ABS(hashtext(ump.user_id::text || ump.module_id)) % 5) * INTERVAL '1 day'
      ELSE NOW() - (ABS(hashtext(ump.user_id::text || ump.module_id)) % 75 + 2) * INTERVAL '1 day' END,
    created_at = LEAST(ump.created_at, NOW() - (ABS(hashtext(ump.user_id::text || ump.module_id)) % 88 + 7) * INTERVAL '1 day')
WHERE ump.user_id IN (SELECT id FROM public.users WHERE email LIKE '%@test.com');

UPDATE public.user_quiz_attempts uqa
SET completed_at = NOW() - (ABS(hashtext(uqa.user_id::text || uqa.module_id)) % 80 + 2) * INTERVAL '1 day'
WHERE uqa.user_id IN (SELECT id FROM public.users WHERE email LIKE '%@test.com');

INSERT INTO public.badges (id, name_key, description_key, icon, category, target_value, "order") VALUES
  ('intro_watched', 'badges.introWatched', 'badges.introWatchedDescription', 'videocam', 'special', 1, -10),
  ('first_lesson', 'badges.firstLesson', 'badges.firstLessonDescription', 'play-circle', 'special', 1, 0),
  ('lesson_milestone_5', 'badges.lessonMilestone5', 'badges.lessonMilestone5Description', 'document-text', 'lesson', 5, 10),
  ('lesson_milestone_10', 'badges.lessonMilestone10', 'badges.lessonMilestone10Description', 'document-text', 'lesson', 10, 20),
  ('lesson_milestone_25', 'badges.lessonMilestone25', 'badges.lessonMilestone25Description', 'document-text', 'lesson', 25, 30),
  ('lesson_milestone_50', 'badges.lessonMilestone50', 'badges.lessonMilestone50Description', 'document-text', 'lesson', 50, 40),
  ('lesson_milestone_75', 'badges.lessonMilestone75', 'badges.lessonMilestone75Description', 'document-text', 'lesson', 75, 50),
  ('lesson_milestone_100', 'badges.lessonMilestone100', 'badges.lessonMilestone100Description', 'document-text', 'lesson', 100, 60),
  ('student_van_het_woord', 'badges.studentVanHetWoord', 'badges.studentVanHetWoordDescription', 'book', 'special', 10, 70),
  ('streak_3', 'badges.streak3', 'badges.streak3Description', 'flame', 'streak', 3, 80),
  ('volharder', 'badges.volharder', 'badges.volharderDescription', 'flame', 'streak', 7, 90),
  ('streak_14', 'badges.streak14', 'badges.streak14Description', 'flame', 'streak', 14, 100),
  ('streak_30', 'badges.streak30', 'badges.streak30Description', 'flame', 'streak', 30, 110),
  ('strijder', 'badges.strijder', 'badges.strijderDescription', 'shield-checkmark', 'exam', 1, 120),
  ('bijbelleraar', 'badges.bijbelleraar', 'badges.bijbelleraarDescription', 'school', 'special', 5, 130),
  ('faith_finisher', 'badges.faithFinisher', 'badges.faithFinisherDescription', 'trophy', 'special', 20, 140),
  ('schriftgeleerde', 'badges.schriftgeleerde', 'badges.schriftgeleerdeDescription', 'library', 'special', 100, 150)
ON CONFLICT (id) DO NOTHING;

INSERT INTO public.badges (id, name_key, description_key, icon, category, target_value, "order")
SELECT 'module_' || n, 'badges.moduleCompleted', 'badges.moduleCompletedDescription', 'ribbon', 'module', n, 200 + n
FROM generate_series(1, 20) AS n
ON CONFLICT (id) DO NOTHING;
